-- phpMyAdmin SQL Dump
-- version 4.5.1
-- http://www.phpmyadmin.net
--
-- 主機: 127.0.0.1
-- 產生時間： 2016-12-25 21:06:29
-- 伺服器版本: 10.1.19-MariaDB
-- PHP 版本： 7.0.13

SET SQL_MODE = "NO_AUTO_VALUE_ON_ZERO";
SET time_zone = "+00:00";


/*!40101 SET @OLD_CHARACTER_SET_CLIENT=@@CHARACTER_SET_CLIENT */;
/*!40101 SET @OLD_CHARACTER_SET_RESULTS=@@CHARACTER_SET_RESULTS */;
/*!40101 SET @OLD_COLLATION_CONNECTION=@@COLLATION_CONNECTION */;
/*!40101 SET NAMES utf8mb4 */;

--
-- 資料庫： `sell`
--

-- --------------------------------------------------------

--
-- 資料表結構 `bom`
--

CREATE TABLE `bom` (
  `IID` varchar(30) COLLATE utf8_unicode_ci NOT NULL,
  `PID` varchar(30) COLLATE utf8_unicode_ci NOT NULL,
  `much` int(11) NOT NULL,
  `num` int(11) NOT NULL
) ENGINE=InnoDB DEFAULT CHARSET=utf8 COLLATE=utf8_unicode_ci;

--
-- 資料表的匯出資料 `bom`
--

INSERT INTO `bom` (`IID`, `PID`, `much`, `num`) VALUES
('I01', 'P01', 3, 1),
('I02', 'P01', 2, 2),
('I05', 'P01', 2, 3),
('I01', 'P02', 5, 4),
('I02', 'P02', 8, 5),
('I03', 'P02', 2, 6),
('I07', 'P02', 2, 7),
('I08', 'P03', 6, 8),
('I01', 'P03', 6, 9),
('I02', 'P03', 3, 10),
('I01', 'P04', 5, 11),
('I02', 'P04', 5, 12),
('I01', 'P05', 3, 13),
('I02', 'P05', 5, 14);

-- --------------------------------------------------------

--
-- 資料表結構 `buy`
--

CREATE TABLE `buy` (
  `time` datetime NOT NULL,
  `thing` varchar(30) COLLATE utf8_unicode_ci NOT NULL,
  `num` int(11) NOT NULL,
  `UID` varchar(30) COLLATE utf8_unicode_ci NOT NULL,
  `much` int(11) NOT NULL
) ENGINE=InnoDB DEFAULT CHARSET=utf8 COLLATE=utf8_unicode_ci;

--
-- 資料表的匯出資料 `buy`
--

INSERT INTO `buy` (`time`, `thing`, `num`, `UID`, `much`) VALUES
('2016-12-24 13:17:34', '白白的麵粉', 1, 'Mary', 0),
('2016-12-24 13:20:19', '純綿鮮奶油', 2, 'Mary', 2),
('2016-12-24 13:20:55', '雞蛋', 3, 'Mary', 2),
('2016-12-24 13:20:55', '牛奶', 4, 'Mary', 3),
('2016-12-26 03:20:47', '跳跳麵包機', 5, 'Mary', 1),
('2016-12-26 03:22:32', '跳跳麵包機', 6, 'Mary', 1),
('2016-12-26 03:26:01', '跳跳麵包機', 7, 'Mary', 1),
('2016-12-26 03:27:42', '跳跳麵包機', 8, 'Mary', 1),
('2016-12-26 03:28:09', '跳跳麵包機', 9, 'Mary', 1),
('2016-12-26 03:29:54', '跳跳麵包機', 10, 'Mary', 1),
('2016-12-26 03:49:36', '跳跳麵包機', 11, 'Mary', 1),
('2016-12-26 04:01:30', '跳跳麵包機', 12, 'Mary', 1);

-- --------------------------------------------------------

--
-- 資料表結構 `ingredient`
--

CREATE TABLE `ingredient` (
  `IID` varchar(30) COLLATE utf8_unicode_ci NOT NULL,
  `cname` varchar(30) COLLATE utf8_unicode_ci NOT NULL,
  `price` int(11) NOT NULL
) ENGINE=InnoDB DEFAULT CHARSET=utf8 COLLATE=utf8_unicode_ci;

--
-- 資料表的匯出資料 `ingredient`
--

INSERT INTO `ingredient` (`IID`, `cname`, `price`) VALUES
('I01', '白白的麵粉', 60),
('I02', '雞蛋', 80),
('I03', '純綿鮮奶油', 40),
('I04', '草莓', 30),
('I05', '牛奶', 90),
('I06', '巧克力', 90),
('I07', '麻糬', 80),
('I08', '紅豆', 30);

-- --------------------------------------------------------

--
-- 資料表結構 `machine`
--

CREATE TABLE `machine` (
  `MID` varchar(30) COLLATE utf8_unicode_ci NOT NULL,
  `price` int(11) NOT NULL,
  `cname` varchar(30) COLLATE utf8_unicode_ci NOT NULL
) ENGINE=InnoDB DEFAULT CHARSET=utf8 COLLATE=utf8_unicode_ci;

--
-- 資料表的匯出資料 `machine`
--

INSERT INTO `machine` (`MID`, `price`, `cname`) VALUES
('M01', 50, '跳跳麵包機');

-- --------------------------------------------------------

--
-- 資料表結構 `make`
--

CREATE TABLE `make` (
  `time` datetime NOT NULL,
  `PID` varchar(30) COLLATE utf8_unicode_ci NOT NULL,
  `num` int(11) NOT NULL,
  `user` varchar(30) COLLATE utf8_unicode_ci NOT NULL
) ENGINE=InnoDB DEFAULT CHARSET=utf8 COLLATE=utf8_unicode_ci;

--
-- 資料表的匯出資料 `make`
--

INSERT INTO `make` (`time`, `PID`, `num`, `user`) VALUES
('2016-12-24 12:32:33', 'P04', 3, 'Mary'),
('2016-12-24 13:08:03', 'P02', 4, 'Mary'),
('2016-12-24 13:09:41', 'P01', 5, 'Mary'),
('2016-12-26 03:09:10', 'P02', 6, 'Mary'),
('2016-12-26 03:10:29', 'P01', 7, 'Mary'),
('2016-12-26 03:10:56', 'P05', 8, 'Mary'),
('0000-00-00 00:00:00', '', 9, 'Mary'),
('0000-00-00 00:00:00', '', 10, 'Mary'),
('0000-00-00 00:00:00', '', 11, 'Mary'),
('0000-00-00 00:00:00', '', 12, 'Mary'),
('0000-00-00 00:00:00', '', 13, 'Mary'),
('0000-00-00 00:00:00', '', 14, 'Mary'),
('0000-00-00 00:00:00', '', 15, 'Mary'),
('0000-00-00 00:00:00', '', 16, 'Mary'),
('0000-00-00 00:00:00', '', 17, 'Mary'),
('0000-00-00 00:00:00', '', 18, 'Mary'),
('0000-00-00 00:00:00', '', 19, 'Mary'),
('0000-00-00 00:00:00', '', 20, 'Mary'),
('0000-00-00 00:00:00', '', 21, 'Mary'),
('0000-00-00 00:00:00', '', 22, 'Mary'),
('0000-00-00 00:00:00', '', 23, 'Mary'),
('0000-00-00 00:00:00', '', 24, 'Mary'),
('0000-00-00 00:00:00', '', 25, 'Mary'),
('0000-00-00 00:00:00', '', 26, 'Mary'),
('0000-00-00 00:00:00', '', 27, 'Mary'),
('0000-00-00 00:00:00', '', 28, 'Mary'),
('0000-00-00 00:00:00', '', 29, 'Mary'),
('0000-00-00 00:00:00', '', 30, 'Mary'),
('0000-00-00 00:00:00', '', 31, 'Mary'),
('0000-00-00 00:00:00', '', 32, 'Mary'),
('0000-00-00 00:00:00', '', 33, 'Mary'),
('0000-00-00 00:00:00', '', 34, 'Mary'),
('0000-00-00 00:00:00', '', 35, 'Mary'),
('0000-00-00 00:00:00', '', 36, 'Mary'),
('0000-00-00 00:00:00', '', 37, 'Mary'),
('0000-00-00 00:00:00', '', 38, 'Mary'),
('0000-00-00 00:00:00', '', 39, 'Mary'),
('0000-00-00 00:00:00', '', 40, 'Mary'),
('0000-00-00 00:00:00', '', 41, 'Mary'),
('0000-00-00 00:00:00', '', 42, 'Mary'),
('0000-00-00 00:00:00', '', 43, 'Mary'),
('0000-00-00 00:00:00', '', 44, 'Mary'),
('0000-00-00 00:00:00', '', 45, 'Mary'),
('0000-00-00 00:00:00', '', 46, 'Mary'),
('0000-00-00 00:00:00', '', 47, 'Mary'),
('0000-00-00 00:00:00', '', 48, 'Mary'),
('0000-00-00 00:00:00', '', 49, 'Mary'),
('0000-00-00 00:00:00', '', 50, 'Mary'),
('0000-00-00 00:00:00', '', 51, 'Mary'),
('0000-00-00 00:00:00', '', 52, 'Mary'),
('0000-00-00 00:00:00', '', 53, 'Mary'),
('0000-00-00 00:00:00', '', 54, 'Mary'),
('0000-00-00 00:00:00', '', 55, 'Mary'),
('0000-00-00 00:00:00', '', 56, 'Mary'),
('0000-00-00 00:00:00', '', 57, 'Mary'),
('0000-00-00 00:00:00', '', 58, 'Mary'),
('0000-00-00 00:00:00', '', 59, 'Mary'),
('0000-00-00 00:00:00', '', 60, 'Mary'),
('0000-00-00 00:00:00', '', 61, 'Mary'),
('0000-00-00 00:00:00', '', 62, 'Mary'),
('0000-00-00 00:00:00', '', 63, 'Mary'),
('2016-12-26 03:31:41', 'P01', 64, 'Mary'),
('2016-12-26 03:31:41', 'P01', 65, 'Mary'),
('2016-12-26 03:31:41', 'P01', 66, 'Mary'),
('2016-12-26 03:31:41', 'P01', 67, 'Mary'),
('2016-12-26 03:31:41', 'P01', 68, 'Mary'),
('2016-12-26 03:31:41', 'P01', 69, 'Mary'),
('2016-12-26 03:31:41', 'P01', 70, 'Mary'),
('2016-12-26 03:31:41', 'P01', 71, 'Mary'),
('2016-12-26 03:31:41', 'P01', 72, 'Mary'),
('2016-12-26 03:31:41', 'P01', 73, 'Mary'),
('2016-12-26 03:31:41', 'P01', 74, 'Mary'),
('2016-12-26 03:31:41', 'P01', 75, 'Mary'),
('2016-12-26 03:31:41', 'P01', 76, 'Mary'),
('2016-12-26 03:37:40', 'P04', 77, 'Mary'),
('2016-12-26 03:37:40', 'P04', 78, 'Mary'),
('2016-12-26 03:37:40', 'P04', 79, 'Mary'),
('2016-12-26 03:37:40', 'P04', 80, 'Mary'),
('2016-12-26 03:37:40', 'P04', 81, 'Mary'),
('2016-12-26 03:37:40', 'P04', 82, 'Mary'),
('2016-12-26 03:37:40', 'P04', 83, 'Mary'),
('2016-12-26 03:37:40', 'P04', 84, 'Mary'),
('2016-12-26 03:37:40', 'P04', 85, 'Mary'),
('2016-12-26 03:37:40', 'P04', 86, 'Mary'),
('2016-12-26 03:37:40', 'P04', 87, 'Mary'),
('2016-12-26 03:37:40', 'P04', 88, 'Mary'),
('2016-12-26 03:37:40', 'P04', 89, 'Mary'),
('2016-12-26 03:37:40', 'P04', 90, 'Mary'),
('2016-12-26 03:37:40', 'P04', 91, 'Mary'),
('2016-12-26 03:37:40', 'P04', 92, 'Mary'),
('2016-12-26 03:37:40', 'P04', 93, 'Mary'),
('2016-12-26 03:37:40', 'P04', 94, 'Mary'),
('2016-12-26 03:37:40', 'P04', 95, 'Mary'),
('2016-12-26 03:37:40', 'P04', 96, 'Mary'),
('2016-12-26 03:37:40', 'P04', 97, 'Mary'),
('2016-12-26 03:37:40', 'P04', 98, 'Mary'),
('2016-12-26 03:37:40', 'P04', 99, 'Mary'),
('2016-12-26 03:37:40', 'P04', 100, 'Mary'),
('2016-12-26 03:37:40', 'P04', 101, 'Mary'),
('2016-12-26 03:37:40', 'P04', 102, 'Mary'),
('2016-12-26 03:37:40', 'P04', 103, 'Mary'),
('2016-12-26 03:37:40', 'P04', 104, 'Mary'),
('2016-12-26 03:37:40', 'P04', 105, 'Mary'),
('2016-12-26 03:37:40', 'P04', 106, 'Mary'),
('2016-12-26 03:37:40', 'P04', 107, 'Mary'),
('2016-12-26 03:37:40', 'P04', 108, 'Mary'),
('2016-12-26 03:37:40', 'P04', 109, 'Mary'),
('2016-12-26 03:37:40', 'P04', 110, 'Mary'),
('2016-12-26 03:37:40', 'P04', 111, 'Mary'),
('2016-12-26 03:37:40', 'P04', 112, 'Mary'),
('2016-12-26 03:37:40', 'P04', 113, 'Mary'),
('2016-12-26 03:37:40', 'P04', 114, 'Mary'),
('2016-12-26 03:37:40', 'P04', 115, 'Mary'),
('2016-12-26 03:37:40', 'P04', 116, 'Mary'),
('2016-12-26 03:37:40', 'P04', 117, 'Mary'),
('2016-12-26 03:37:40', 'P04', 118, 'Mary'),
('2016-12-26 03:37:40', 'P04', 119, 'Mary'),
('2016-12-26 03:37:40', 'P04', 120, 'Mary'),
('2016-12-26 03:37:40', 'P04', 121, 'Mary'),
('2016-12-26 03:37:40', 'P04', 122, 'Mary'),
('2016-12-26 03:37:40', 'P04', 123, 'Mary'),
('2016-12-26 03:37:40', 'P04', 124, 'Mary'),
('2016-12-26 03:37:40', 'P04', 125, 'Mary'),
('2016-12-26 03:37:40', 'P04', 126, 'Mary'),
('2016-12-26 03:37:40', 'P04', 127, 'Mary'),
('2016-12-26 03:37:40', 'P04', 128, 'Mary'),
('2016-12-26 03:37:40', 'P04', 129, 'Mary'),
('2016-12-26 03:37:40', 'P04', 130, 'Mary'),
('2016-12-26 03:37:40', 'P04', 131, 'Mary'),
('2016-12-26 03:37:40', 'P04', 132, 'Mary'),
('2016-12-26 03:37:40', 'P04', 133, 'Mary'),
('2016-12-26 03:37:40', 'P04', 134, 'Mary'),
('2016-12-26 03:37:40', 'P04', 135, 'Mary'),
('2016-12-26 03:37:40', 'P04', 136, 'Mary'),
('2016-12-26 03:37:40', 'P04', 137, 'Mary'),
('2016-12-26 03:37:40', 'P04', 138, 'Mary'),
('2016-12-26 03:37:40', 'P04', 139, 'Mary'),
('2016-12-26 03:37:40', 'P04', 140, 'Mary'),
('2016-12-26 03:37:40', 'P04', 141, 'Mary'),
('2016-12-26 03:37:40', 'P04', 142, 'Mary'),
('2016-12-26 03:37:40', 'P04', 143, 'Mary'),
('2016-12-26 03:37:40', 'P04', 144, 'Mary'),
('2016-12-26 03:37:40', 'P04', 145, 'Mary'),
('2016-12-26 03:37:40', 'P04', 146, 'Mary'),
('2016-12-26 03:37:40', 'P04', 147, 'Mary'),
('2016-12-26 03:37:40', 'P04', 148, 'Mary'),
('2016-12-26 03:37:40', 'P04', 149, 'Mary'),
('2016-12-26 03:37:40', 'P04', 150, 'Mary'),
('2016-12-26 03:37:40', 'P04', 151, 'Mary'),
('2016-12-26 03:37:40', 'P04', 152, 'Mary'),
('2016-12-26 03:37:40', 'P04', 153, 'Mary'),
('2016-12-26 03:37:40', 'P04', 154, 'Mary'),
('2016-12-26 03:37:40', 'P04', 155, 'Mary'),
('2016-12-26 03:37:40', 'P04', 156, 'Mary'),
('2016-12-26 03:37:40', 'P04', 157, 'Mary'),
('2016-12-26 03:37:40', 'P04', 158, 'Mary'),
('2016-12-26 03:37:40', 'P04', 159, 'Mary'),
('2016-12-26 03:37:40', 'P04', 160, 'Mary'),
('2016-12-26 03:37:40', 'P04', 161, 'Mary'),
('2016-12-26 03:37:40', 'P04', 162, 'Mary'),
('2016-12-26 03:37:40', 'P04', 163, 'Mary'),
('2016-12-26 03:37:40', 'P04', 164, 'Mary'),
('2016-12-26 03:37:40', 'P04', 165, 'Mary'),
('2016-12-26 03:37:40', 'P04', 166, 'Mary'),
('2016-12-26 03:37:40', 'P04', 167, 'Mary'),
('2016-12-26 03:37:40', 'P04', 168, 'Mary'),
('2016-12-26 03:37:40', 'P04', 169, 'Mary'),
('2016-12-26 03:37:40', 'P04', 170, 'Mary'),
('2016-12-26 03:37:40', 'P04', 171, 'Mary'),
('2016-12-26 03:37:40', 'P04', 172, 'Mary'),
('2016-12-26 03:37:40', 'P04', 173, 'Mary'),
('2016-12-26 03:37:40', 'P04', 174, 'Mary'),
('2016-12-26 03:37:40', 'P04', 175, 'Mary'),
('2016-12-26 03:37:40', 'P04', 176, 'Mary'),
('2016-12-26 03:37:40', 'P04', 177, 'Mary'),
('2016-12-26 03:37:40', 'P04', 178, 'Mary'),
('2016-12-26 03:37:40', 'P04', 179, 'Mary'),
('2016-12-26 03:37:40', 'P04', 180, 'Mary'),
('2016-12-26 03:37:40', 'P04', 181, 'Mary'),
('2016-12-26 03:37:40', 'P04', 182, 'Mary'),
('2016-12-26 03:37:40', 'P04', 183, 'Mary'),
('2016-12-26 03:37:40', 'P04', 184, 'Mary'),
('2016-12-26 03:37:40', 'P04', 185, 'Mary'),
('2016-12-26 03:37:40', 'P04', 186, 'Mary'),
('2016-12-26 03:37:40', 'P04', 187, 'Mary'),
('2016-12-26 03:37:40', 'P04', 188, 'Mary'),
('2016-12-26 03:37:40', 'P04', 189, 'Mary'),
('2016-12-26 03:37:40', 'P04', 190, 'Mary'),
('2016-12-26 03:37:40', 'P04', 191, 'Mary'),
('2016-12-26 03:37:40', 'P04', 192, 'Mary'),
('2016-12-26 03:37:40', 'P04', 193, 'Mary'),
('2016-12-26 03:37:40', 'P04', 194, 'Mary'),
('2016-12-26 03:37:40', 'P04', 195, 'Mary'),
('2016-12-26 03:37:40', 'P04', 196, 'Mary'),
('2016-12-26 03:37:40', 'P04', 197, 'Mary'),
('2016-12-26 03:37:40', 'P04', 198, 'Mary'),
('2016-12-26 03:37:40', 'P04', 199, 'Mary'),
('2016-12-26 03:37:40', 'P04', 200, 'Mary'),
('2016-12-26 03:37:40', 'P04', 201, 'Mary'),
('2016-12-26 03:37:40', 'P04', 202, 'Mary'),
('2016-12-26 03:37:40', 'P04', 203, 'Mary'),
('2016-12-26 03:37:40', 'P04', 204, 'Mary'),
('2016-12-26 03:37:40', 'P04', 205, 'Mary'),
('2016-12-26 03:37:40', 'P04', 206, 'Mary'),
('2016-12-26 03:37:40', 'P04', 207, 'Mary'),
('2016-12-26 03:37:40', 'P04', 208, 'Mary'),
('2016-12-26 03:37:40', 'P04', 209, 'Mary'),
('2016-12-26 03:37:40', 'P04', 210, 'Mary'),
('2016-12-26 03:37:40', 'P04', 211, 'Mary'),
('2016-12-26 03:37:40', 'P04', 212, 'Mary'),
('2016-12-26 03:37:40', 'P04', 213, 'Mary'),
('2016-12-26 03:37:40', 'P04', 214, 'Mary'),
('2016-12-26 03:37:40', 'P04', 215, 'Mary'),
('2016-12-26 03:37:40', 'P04', 216, 'Mary'),
('2016-12-26 03:37:40', 'P04', 217, 'Mary'),
('2016-12-26 03:37:40', 'P04', 218, 'Mary'),
('2016-12-26 03:37:40', 'P04', 219, 'Mary'),
('2016-12-26 03:37:40', 'P04', 220, 'Mary'),
('2016-12-26 03:37:40', 'P04', 221, 'Mary'),
('2016-12-26 03:37:40', 'P04', 222, 'Mary'),
('2016-12-26 03:37:40', 'P04', 223, 'Mary'),
('2016-12-26 03:37:40', 'P04', 224, 'Mary'),
('2016-12-26 03:37:40', 'P04', 225, 'Mary'),
('2016-12-26 03:37:40', 'P04', 226, 'Mary'),
('2016-12-26 03:37:40', 'P04', 227, 'Mary'),
('2016-12-26 03:37:40', 'P04', 228, 'Mary'),
('2016-12-26 03:37:40', 'P04', 229, 'Mary'),
('2016-12-26 03:37:40', 'P04', 230, 'Mary'),
('2016-12-26 03:37:40', 'P04', 231, 'Mary'),
('2016-12-26 03:37:40', 'P04', 232, 'Mary'),
('2016-12-26 03:37:40', 'P04', 233, 'Mary'),
('2016-12-26 03:37:40', 'P04', 234, 'Mary'),
('2016-12-26 03:37:40', 'P04', 235, 'Mary'),
('2016-12-26 03:37:40', 'P04', 236, 'Mary'),
('2016-12-26 03:37:40', 'P04', 237, 'Mary'),
('2016-12-26 03:37:40', 'P04', 238, 'Mary'),
('2016-12-26 03:37:40', 'P04', 239, 'Mary'),
('2016-12-26 03:37:40', 'P04', 240, 'Mary'),
('2016-12-26 03:37:40', 'P04', 241, 'Mary'),
('2016-12-26 03:37:40', 'P04', 242, 'Mary'),
('2016-12-26 03:37:40', 'P04', 243, 'Mary'),
('2016-12-26 03:37:40', 'P04', 244, 'Mary'),
('2016-12-26 03:37:40', 'P04', 245, 'Mary'),
('2016-12-26 03:37:40', 'P04', 246, 'Mary'),
('2016-12-26 03:37:40', 'P04', 247, 'Mary'),
('2016-12-26 03:37:40', 'P04', 248, 'Mary'),
('2016-12-26 03:37:40', 'P04', 249, 'Mary'),
('2016-12-26 03:37:40', 'P04', 250, 'Mary'),
('2016-12-26 03:37:40', 'P04', 251, 'Mary'),
('2016-12-26 03:37:40', 'P04', 252, 'Mary'),
('2016-12-26 03:37:40', 'P04', 253, 'Mary'),
('2016-12-26 03:37:40', 'P04', 254, 'Mary'),
('2016-12-26 03:37:40', 'P04', 255, 'Mary'),
('2016-12-26 03:37:40', 'P04', 256, 'Mary'),
('2016-12-26 03:37:40', 'P04', 257, 'Mary'),
('2016-12-26 03:37:40', 'P04', 258, 'Mary'),
('2016-12-26 03:37:40', 'P04', 259, 'Mary'),
('2016-12-26 03:37:40', 'P04', 260, 'Mary'),
('2016-12-26 03:37:40', 'P04', 261, 'Mary'),
('2016-12-26 03:37:40', 'P04', 262, 'Mary'),
('2016-12-26 03:37:40', 'P04', 263, 'Mary'),
('2016-12-26 03:37:40', 'P04', 264, 'Mary'),
('2016-12-26 03:37:40', 'P04', 265, 'Mary'),
('2016-12-26 03:37:40', 'P04', 266, 'Mary'),
('2016-12-26 03:37:40', 'P04', 267, 'Mary'),
('2016-12-26 03:37:40', 'P04', 268, 'Mary'),
('2016-12-26 03:37:40', 'P04', 269, 'Mary'),
('2016-12-26 03:37:40', 'P04', 270, 'Mary'),
('2016-12-26 03:37:40', 'P04', 271, 'Mary'),
('2016-12-26 03:37:40', 'P04', 272, 'Mary'),
('2016-12-26 03:37:40', 'P04', 273, 'Mary'),
('2016-12-26 03:37:40', 'P04', 274, 'Mary'),
('2016-12-26 03:37:40', 'P04', 275, 'Mary'),
('2016-12-26 03:37:40', 'P04', 276, 'Mary'),
('2016-12-26 03:37:40', 'P04', 277, 'Mary'),
('2016-12-26 03:37:40', 'P04', 278, 'Mary'),
('2016-12-26 03:37:40', 'P04', 279, 'Mary'),
('2016-12-26 03:37:40', 'P04', 280, 'Mary'),
('2016-12-26 03:37:40', 'P04', 281, 'Mary'),
('2016-12-26 03:37:40', 'P04', 282, 'Mary'),
('2016-12-26 03:37:40', 'P04', 283, 'Mary'),
('2016-12-26 03:37:40', 'P04', 284, 'Mary'),
('2016-12-26 03:37:40', 'P04', 285, 'Mary'),
('2016-12-26 03:37:40', 'P04', 286, 'Mary'),
('2016-12-26 03:37:40', 'P04', 287, 'Mary'),
('2016-12-26 03:37:40', 'P04', 288, 'Mary'),
('2016-12-26 03:37:40', 'P04', 289, 'Mary'),
('2016-12-26 03:37:40', 'P04', 290, 'Mary'),
('2016-12-26 03:37:40', 'P04', 291, 'Mary'),
('2016-12-26 03:37:40', 'P04', 292, 'Mary'),
('2016-12-26 03:37:40', 'P04', 293, 'Mary'),
('2016-12-26 03:37:40', 'P04', 294, 'Mary'),
('2016-12-26 03:37:40', 'P04', 295, 'Mary'),
('2016-12-26 03:37:40', 'P04', 296, 'Mary'),
('2016-12-26 03:37:40', 'P04', 297, 'Mary'),
('2016-12-26 03:37:40', 'P04', 298, 'Mary'),
('2016-12-26 03:37:40', 'P04', 299, 'Mary'),
('2016-12-26 03:37:40', 'P04', 300, 'Mary'),
('2016-12-26 03:37:40', 'P04', 301, 'Mary'),
('2016-12-26 03:37:40', 'P04', 302, 'Mary'),
('2016-12-26 03:37:40', 'P04', 303, 'Mary'),
('2016-12-26 03:37:40', 'P04', 304, 'Mary'),
('2016-12-26 03:37:40', 'P04', 305, 'Mary'),
('2016-12-26 03:37:40', 'P04', 306, 'Mary'),
('2016-12-26 03:37:40', 'P04', 307, 'Mary'),
('2016-12-26 03:37:40', 'P04', 308, 'Mary'),
('2016-12-26 03:37:40', 'P04', 309, 'Mary'),
('2016-12-26 03:37:40', 'P04', 310, 'Mary'),
('2016-12-26 03:37:40', 'P04', 311, 'Mary'),
('2016-12-26 03:37:40', 'P04', 312, 'Mary'),
('2016-12-26 03:37:40', 'P04', 313, 'Mary'),
('2016-12-26 03:37:40', 'P04', 314, 'Mary'),
('2016-12-26 03:37:40', 'P04', 315, 'Mary'),
('2016-12-26 03:37:40', 'P04', 316, 'Mary'),
('2016-12-26 03:37:40', 'P04', 317, 'Mary'),
('2016-12-26 03:37:40', 'P04', 318, 'Mary'),
('2016-12-26 03:37:40', 'P04', 319, 'Mary'),
('2016-12-26 03:37:40', 'P04', 320, 'Mary'),
('2016-12-26 03:37:40', 'P04', 321, 'Mary'),
('2016-12-26 03:37:40', 'P04', 322, 'Mary'),
('2016-12-26 03:37:40', 'P04', 323, 'Mary'),
('2016-12-26 03:37:40', 'P04', 324, 'Mary'),
('2016-12-26 03:37:40', 'P04', 325, 'Mary'),
('2016-12-26 03:37:40', 'P04', 326, 'Mary'),
('2016-12-26 03:37:40', 'P04', 327, 'Mary'),
('2016-12-26 03:37:40', 'P04', 328, 'Mary'),
('2016-12-26 03:37:40', 'P04', 329, 'Mary'),
('2016-12-26 03:37:40', 'P04', 330, 'Mary'),
('2016-12-26 03:37:40', 'P04', 331, 'Mary'),
('2016-12-26 03:37:40', 'P04', 332, 'Mary'),
('2016-12-26 03:37:40', 'P04', 333, 'Mary'),
('2016-12-26 03:37:40', 'P04', 334, 'Mary'),
('2016-12-26 03:37:40', 'P04', 335, 'Mary'),
('2016-12-26 03:37:40', 'P04', 336, 'Mary'),
('2016-12-26 03:37:40', 'P04', 337, 'Mary'),
('2016-12-26 03:37:40', 'P04', 338, 'Mary'),
('2016-12-26 03:37:40', 'P04', 339, 'Mary'),
('2016-12-26 03:37:40', 'P04', 340, 'Mary'),
('2016-12-26 03:37:40', 'P04', 341, 'Mary'),
('2016-12-26 03:37:40', 'P04', 342, 'Mary'),
('2016-12-26 03:37:40', 'P04', 343, 'Mary'),
('2016-12-26 03:37:40', 'P04', 344, 'Mary'),
('2016-12-26 03:37:40', 'P04', 345, 'Mary'),
('2016-12-26 03:37:40', 'P04', 346, 'Mary'),
('2016-12-26 03:37:40', 'P04', 347, 'Mary'),
('2016-12-26 03:37:40', 'P04', 348, 'Mary'),
('2016-12-26 03:37:40', 'P04', 349, 'Mary'),
('2016-12-26 03:37:40', 'P04', 350, 'Mary'),
('2016-12-26 03:37:40', 'P04', 351, 'Mary'),
('2016-12-26 03:37:40', 'P04', 352, 'Mary'),
('2016-12-26 03:37:40', 'P04', 353, 'Mary'),
('2016-12-26 03:37:40', 'P04', 354, 'Mary'),
('2016-12-26 03:37:40', 'P04', 355, 'Mary'),
('2016-12-26 03:37:40', 'P04', 356, 'Mary'),
('2016-12-26 03:37:40', 'P04', 357, 'Mary'),
('2016-12-26 03:37:40', 'P04', 358, 'Mary'),
('2016-12-26 03:37:40', 'P04', 359, 'Mary'),
('2016-12-26 03:37:40', 'P04', 360, 'Mary'),
('2016-12-26 03:37:40', 'P04', 361, 'Mary'),
('2016-12-26 03:37:40', 'P04', 362, 'Mary'),
('2016-12-26 03:37:40', 'P04', 363, 'Mary'),
('2016-12-26 03:37:40', 'P04', 364, 'Mary'),
('2016-12-26 03:37:40', 'P04', 365, 'Mary'),
('2016-12-26 03:37:40', 'P04', 366, 'Mary'),
('2016-12-26 03:37:40', 'P04', 367, 'Mary'),
('2016-12-26 03:37:40', 'P04', 368, 'Mary'),
('2016-12-26 03:37:40', 'P04', 369, 'Mary'),
('2016-12-26 03:37:40', 'P04', 370, 'Mary'),
('2016-12-26 03:37:40', 'P04', 371, 'Mary'),
('2016-12-26 03:37:40', 'P04', 372, 'Mary'),
('2016-12-26 03:37:40', 'P04', 373, 'Mary'),
('2016-12-26 03:37:40', 'P04', 374, 'Mary'),
('2016-12-26 03:37:40', 'P04', 375, 'Mary'),
('2016-12-26 03:37:40', 'P04', 376, 'Mary'),
('2016-12-26 03:37:40', 'P04', 377, 'Mary'),
('2016-12-26 03:37:40', 'P04', 378, 'Mary'),
('2016-12-26 03:37:40', 'P04', 379, 'Mary'),
('2016-12-26 03:37:40', 'P04', 380, 'Mary'),
('2016-12-26 03:37:40', 'P04', 381, 'Mary'),
('2016-12-26 03:37:40', 'P04', 382, 'Mary'),
('2016-12-26 03:37:40', 'P04', 383, 'Mary'),
('2016-12-26 03:37:40', 'P04', 384, 'Mary'),
('2016-12-26 03:37:40', 'P04', 385, 'Mary'),
('2016-12-26 03:37:40', 'P04', 386, 'Mary'),
('2016-12-26 03:37:40', 'P04', 387, 'Mary'),
('2016-12-26 03:37:40', 'P04', 388, 'Mary'),
('2016-12-26 03:37:40', 'P04', 389, 'Mary'),
('2016-12-26 03:37:40', 'P04', 390, 'Mary'),
('2016-12-26 03:37:40', 'P04', 391, 'Mary'),
('2016-12-26 03:37:40', 'P04', 392, 'Mary'),
('2016-12-26 03:37:40', 'P04', 393, 'Mary'),
('2016-12-26 03:37:40', 'P04', 394, 'Mary'),
('2016-12-26 03:37:40', 'P04', 395, 'Mary'),
('2016-12-26 03:37:40', 'P04', 396, 'Mary'),
('2016-12-26 03:37:40', 'P04', 397, 'Mary'),
('2016-12-26 03:37:40', 'P04', 398, 'Mary'),
('2016-12-26 03:37:40', 'P04', 399, 'Mary'),
('2016-12-26 03:37:40', 'P04', 400, 'Mary'),
('2016-12-26 03:37:40', 'P04', 401, 'Mary'),
('2016-12-26 03:37:40', 'P04', 402, 'Mary'),
('2016-12-26 03:37:40', 'P04', 403, 'Mary'),
('2016-12-26 03:37:40', 'P04', 404, 'Mary'),
('2016-12-26 03:37:40', 'P04', 405, 'Mary'),
('2016-12-26 03:37:40', 'P04', 406, 'Mary'),
('2016-12-26 03:37:40', 'P04', 407, 'Mary'),
('2016-12-26 03:37:40', 'P04', 408, 'Mary'),
('2016-12-26 03:37:40', 'P04', 409, 'Mary'),
('2016-12-26 03:37:40', 'P04', 410, 'Mary'),
('2016-12-26 03:37:40', 'P04', 411, 'Mary'),
('2016-12-26 03:37:40', 'P04', 412, 'Mary'),
('2016-12-26 03:37:40', 'P04', 413, 'Mary'),
('2016-12-26 03:37:40', 'P04', 414, 'Mary'),
('2016-12-26 03:37:40', 'P04', 415, 'Mary'),
('2016-12-26 03:37:40', 'P04', 416, 'Mary'),
('2016-12-26 03:37:40', 'P04', 417, 'Mary'),
('2016-12-26 03:37:40', 'P04', 418, 'Mary'),
('2016-12-26 03:37:40', 'P04', 419, 'Mary'),
('2016-12-26 03:37:40', 'P04', 420, 'Mary'),
('2016-12-26 03:37:40', 'P04', 421, 'Mary'),
('2016-12-26 03:37:40', 'P04', 422, 'Mary'),
('2016-12-26 03:37:40', 'P04', 423, 'Mary'),
('2016-12-26 03:37:40', 'P04', 424, 'Mary'),
('2016-12-26 03:37:40', 'P04', 425, 'Mary'),
('2016-12-26 03:37:40', 'P04', 426, 'Mary'),
('2016-12-26 03:37:40', 'P04', 427, 'Mary'),
('2016-12-26 03:37:40', 'P04', 428, 'Mary'),
('2016-12-26 03:37:40', 'P04', 429, 'Mary'),
('2016-12-26 03:37:40', 'P04', 430, 'Mary'),
('2016-12-26 03:37:40', 'P04', 431, 'Mary'),
('2016-12-26 03:37:40', 'P04', 432, 'Mary'),
('2016-12-26 03:37:40', 'P04', 433, 'Mary'),
('2016-12-26 03:37:40', 'P04', 434, 'Mary'),
('2016-12-26 03:37:40', 'P04', 435, 'Mary'),
('2016-12-26 03:37:40', 'P04', 436, 'Mary'),
('2016-12-26 03:37:40', 'P04', 437, 'Mary'),
('2016-12-26 03:37:40', 'P04', 438, 'Mary'),
('2016-12-26 03:37:40', 'P04', 439, 'Mary'),
('2016-12-26 03:37:40', 'P04', 440, 'Mary'),
('2016-12-26 03:37:40', 'P04', 441, 'Mary'),
('2016-12-26 03:37:40', 'P04', 442, 'Mary'),
('2016-12-26 03:37:40', 'P04', 443, 'Mary'),
('2016-12-26 03:37:40', 'P04', 444, 'Mary'),
('2016-12-26 03:37:40', 'P04', 445, 'Mary'),
('2016-12-26 03:37:40', 'P04', 446, 'Mary'),
('2016-12-26 03:37:40', 'P04', 447, 'Mary'),
('2016-12-26 03:37:40', 'P04', 448, 'Mary'),
('2016-12-26 03:37:40', 'P04', 449, 'Mary'),
('2016-12-26 03:37:40', 'P04', 450, 'Mary'),
('2016-12-26 03:37:40', 'P04', 451, 'Mary'),
('2016-12-26 03:37:40', 'P04', 452, 'Mary'),
('2016-12-26 03:37:40', 'P04', 453, 'Mary'),
('2016-12-26 03:37:40', 'P04', 454, 'Mary'),
('2016-12-26 03:37:40', 'P04', 455, 'Mary'),
('2016-12-26 03:37:40', 'P04', 456, 'Mary'),
('2016-12-26 03:37:40', 'P04', 457, 'Mary'),
('2016-12-26 03:37:40', 'P04', 458, 'Mary'),
('2016-12-26 03:37:40', 'P04', 459, 'Mary'),
('2016-12-26 03:37:40', 'P04', 460, 'Mary'),
('2016-12-26 03:37:40', 'P04', 461, 'Mary'),
('2016-12-26 03:37:40', 'P04', 462, 'Mary'),
('2016-12-26 03:37:40', 'P04', 463, 'Mary'),
('2016-12-26 03:37:40', 'P04', 464, 'Mary'),
('2016-12-26 03:37:40', 'P04', 465, 'Mary'),
('2016-12-26 03:37:40', 'P04', 466, 'Mary'),
('2016-12-26 03:37:40', 'P04', 467, 'Mary'),
('2016-12-26 03:37:40', 'P04', 468, 'Mary'),
('2016-12-26 03:37:40', 'P04', 469, 'Mary'),
('2016-12-26 03:37:40', 'P04', 470, 'Mary'),
('2016-12-26 03:37:40', 'P04', 471, 'Mary'),
('2016-12-26 03:37:40', 'P04', 472, 'Mary'),
('2016-12-26 03:37:40', 'P04', 473, 'Mary'),
('2016-12-26 03:37:40', 'P04', 474, 'Mary'),
('2016-12-26 03:37:40', 'P04', 475, 'Mary'),
('2016-12-26 03:37:40', 'P04', 476, 'Mary'),
('2016-12-26 03:37:40', 'P04', 477, 'Mary'),
('2016-12-26 03:37:40', 'P04', 478, 'Mary'),
('2016-12-26 03:37:40', 'P04', 479, 'Mary'),
('2016-12-26 03:37:40', 'P04', 480, 'Mary'),
('2016-12-26 03:37:40', 'P04', 481, 'Mary'),
('2016-12-26 03:37:40', 'P04', 482, 'Mary'),
('2016-12-26 03:37:40', 'P04', 483, 'Mary'),
('2016-12-26 03:37:40', 'P04', 484, 'Mary'),
('2016-12-26 03:37:40', 'P04', 485, 'Mary'),
('2016-12-26 03:37:40', 'P04', 486, 'Mary'),
('2016-12-26 03:37:40', 'P04', 487, 'Mary'),
('2016-12-26 03:37:40', 'P04', 488, 'Mary'),
('2016-12-26 03:37:40', 'P04', 489, 'Mary'),
('2016-12-26 03:37:40', 'P04', 490, 'Mary'),
('2016-12-26 04:00:57', 'P01', 491, 'Mary'),
('2016-12-26 04:01:05', 'P04', 492, 'Mary'),
('2016-12-26 04:02:08', 'P04', 493, 'Mary');

-- --------------------------------------------------------

--
-- 資料表結構 `product`
--

CREATE TABLE `product` (
  `PID` varchar(30) COLLATE utf8_unicode_ci NOT NULL,
  `cname` varchar(30) COLLATE utf8_unicode_ci NOT NULL,
  `price` int(11) NOT NULL,
  `time` int(11) NOT NULL
) ENGINE=InnoDB DEFAULT CHARSET=utf8 COLLATE=utf8_unicode_ci;

--
-- 資料表的匯出資料 `product`
--

INSERT INTO `product` (`PID`, `cname`, `price`, `time`) VALUES
('P01', '小吃貨專用吐司', 200, 120),
('P02', '中國黑心小麻糬麵包', 700, 60),
('P03', '麵包超人紅豆臉麵包', 700, 30),
('P04', '假的牛角麵包', 500, 30),
('P05', '讓你吃土巧克力麵包', 900, 40);

-- --------------------------------------------------------

--
-- 資料表結構 `status`
--

CREATE TABLE `status` (
  `time` datetime NOT NULL,
  `PID` varchar(30) COLLATE utf8_unicode_ci NOT NULL,
  `MID` varchar(30) COLLATE utf8_unicode_ci NOT NULL,
  `num` int(11) NOT NULL,
  `cname` varchar(30) COLLATE utf8_unicode_ci NOT NULL,
  `busy` int(11) NOT NULL,
  `UID` varchar(30) COLLATE utf8_unicode_ci NOT NULL,
  `Unum` int(11) NOT NULL
) ENGINE=InnoDB DEFAULT CHARSET=utf8 COLLATE=utf8_unicode_ci;

--
-- 資料表的匯出資料 `status`
--

INSERT INTO `status` (`time`, `PID`, `MID`, `num`, `cname`, `busy`, `UID`, `Unum`) VALUES
('2016-12-26 03:09:10', 'P02', 'M01', 1, '跳跳麵包機', 0, 'Mary', 1),
('2016-12-26 03:10:29', 'P01', 'M01', 2, '跳跳麵包機', 0, 'Mary', 2),
('2016-12-26 03:10:56', 'P05', 'M01', 3, '跳跳麵包機', 0, 'Mary', 3),
('2016-12-24 13:06:55', 'P01', 'M01', 4, '跳跳麵包機', 0, 'Mary', 4),
('2016-12-24 13:06:55', 'P01', 'M01', 5, '跳跳麵包機', 0, 'Mary', 5),
('2016-12-01 00:00:00', 'P02', 'M03', 6, 'OHO', 0, 'Mike', 1),
('2016-12-26 03:20:47', 'P01', 'M01', 7, '跳跳麵包機', 0, 'Mary', 6),
('2016-12-26 03:22:32', 'P01', 'M01', 8, '跳跳麵包機', 0, 'Mary', 7),
('2016-12-26 03:27:42', 'P01', 'M01', 10, '跳跳麵包機', 0, 'Mary', 8),
('2016-12-26 03:37:40', 'P04', 'M01', 11, '跳跳麵包機', 0, 'Mary', 9),
('2016-12-26 04:01:05', 'P04', 'M01', 12, '跳跳麵包機', 0, 'Mary', 10),
('2016-12-26 04:00:57', 'P01', 'M01', 13, '跳跳麵包機', 0, 'Mary', 11),
('2016-12-26 04:02:08', 'P04', 'M01', 14, '跳跳麵包機', 0, 'Mary', 12);

-- --------------------------------------------------------

--
-- 資料表結構 `user`
--

CREATE TABLE `user` (
  `ID` varchar(30) COLLATE utf8_unicode_ci NOT NULL,
  `money` int(11) NOT NULL,
  `passwd` varchar(30) COLLATE utf8_unicode_ci NOT NULL
) ENGINE=InnoDB DEFAULT CHARSET=utf8 COLLATE=utf8_unicode_ci;

--
-- 資料表的匯出資料 `user`
--

INSERT INTO `user` (`ID`, `money`, `passwd`) VALUES
('Kein', 8500, 'k'),
('Mary', 2200, 'mary'),
('Sary', 6935, 's');

-- --------------------------------------------------------

--
-- 資料表結構 `userlist`
--

CREATE TABLE `userlist` (
  `have` varchar(30) COLLATE utf8_unicode_ci NOT NULL,
  `UID` varchar(30) COLLATE utf8_unicode_ci NOT NULL,
  `much` int(11) NOT NULL,
  `num` int(11) NOT NULL
) ENGINE=InnoDB DEFAULT CHARSET=utf8 COLLATE=utf8_unicode_ci;

--
-- 資料表的匯出資料 `userlist`
--

INSERT INTO `userlist` (`have`, `UID`, `much`, `num`) VALUES
('I01', 'Mary', 41, 1),
('I02', 'Mary', 90, 2),
('I03', 'Mary', 146, 3),
('I04', 'Mary', 45, 4),
('I05', 'Mary', 28, 5),
('I06', 'Mary', 28, 6),
('I07', 'Mary', 44, 7),
('I08', 'Mary', 2, 8),
('M01', 'Mary', 13, 9),
('I01', 'Mike', 41, 11),
('P01', 'Mary', 13, 12),
('P02', 'Mary', 35, 13),
('P03', 'Mary', 18, 15),
('P04', 'Mary', 5, 16);

--
-- 已匯出資料表的索引
--

--
-- 資料表索引 `bom`
--
ALTER TABLE `bom`
  ADD PRIMARY KEY (`num`);

--
-- 資料表索引 `buy`
--
ALTER TABLE `buy`
  ADD PRIMARY KEY (`num`);

--
-- 資料表索引 `ingredient`
--
ALTER TABLE `ingredient`
  ADD PRIMARY KEY (`IID`);

--
-- 資料表索引 `machine`
--
ALTER TABLE `machine`
  ADD PRIMARY KEY (`MID`);

--
-- 資料表索引 `make`
--
ALTER TABLE `make`
  ADD PRIMARY KEY (`num`);

--
-- 資料表索引 `product`
--
ALTER TABLE `product`
  ADD PRIMARY KEY (`PID`);

--
-- 資料表索引 `status`
--
ALTER TABLE `status`
  ADD PRIMARY KEY (`num`);

--
-- 資料表索引 `user`
--
ALTER TABLE `user`
  ADD PRIMARY KEY (`ID`);

--
-- 資料表索引 `userlist`
--
ALTER TABLE `userlist`
  ADD PRIMARY KEY (`num`);

--
-- 在匯出的資料表使用 AUTO_INCREMENT
--

--
-- 使用資料表 AUTO_INCREMENT `bom`
--
ALTER TABLE `bom`
  MODIFY `num` int(11) NOT NULL AUTO_INCREMENT, AUTO_INCREMENT=15;
--
-- 使用資料表 AUTO_INCREMENT `buy`
--
ALTER TABLE `buy`
  MODIFY `num` int(11) NOT NULL AUTO_INCREMENT, AUTO_INCREMENT=13;
--
-- 使用資料表 AUTO_INCREMENT `make`
--
ALTER TABLE `make`
  MODIFY `num` int(11) NOT NULL AUTO_INCREMENT, AUTO_INCREMENT=494;
--
-- 使用資料表 AUTO_INCREMENT `status`
--
ALTER TABLE `status`
  MODIFY `num` int(11) NOT NULL AUTO_INCREMENT, AUTO_INCREMENT=15;
--
-- 使用資料表 AUTO_INCREMENT `userlist`
--
ALTER TABLE `userlist`
  MODIFY `num` int(11) NOT NULL AUTO_INCREMENT, AUTO_INCREMENT=17;
/*!40101 SET CHARACTER_SET_CLIENT=@OLD_CHARACTER_SET_CLIENT */;
/*!40101 SET CHARACTER_SET_RESULTS=@OLD_CHARACTER_SET_RESULTS */;
/*!40101 SET COLLATION_CONNECTION=@OLD_COLLATION_CONNECTION */;
